{"cameraMode":{"drawMode":0,"name":"Shaded","section":"Shading Mode"},"sceneLighting":true,"audioPlay":false,"sceneViewState":{"showFog":true,"showMaterialUpdate":true,"showSkybox":true,"showFlares":true,"showImageEffects":true,"showParticleSystems":true},"in2DMode":false,"pivot":{"x":-0.5811138153076172,"y":-6.609962463378906,"z":-5.390047073364258},"rotation":{"x":0.2515179514884949,"y":-0.2749139964580536,"z":0.07475454360246659,"w":0.9249720573425293},"size":17.43107032775879,"orthographic":false}