{"cameraMode":{"drawMode":0,"name":"Shaded","section":"Shading Mode"},"sceneLighting":true,"audioPlay":false,"sceneViewState":{"showFog":true,"showMaterialUpdate":false,"showSkybox":true,"showFlares":true,"showImageEffects":true,"showParticleSystems":true},"in2DMode":false,"pivot":{"x":452.2142639160156,"y":143.1531982421875,"z":180.22463989257813},"rotation":{"x":0.3890283703804016,"y":0.035913482308387759,"z":-0.015179980546236039,"w":0.9204002022743225},"size":199.9182586669922,"orthographic":false}